[
  {
    "tag": "input",
    "id": "RequestVerificationToken",
    "name": "RequestVerificationToken",
    "type": "hidden",
    "placeholder": null,
    "class": null,
    "source_html": "01-d7255f97ca89d1587358888d5be98d940d3d2173.html.html"
  },
  {
    "tag": "input",
    "id": null,
    "name": "RequestVerificationToken",
    "type": "hidden",
    "placeholder": null,
    "class": null,
    "source_html": "01-d7255f97ca89d1587358888d5be98d940d3d2173.html.html"
  },
  {
    "tag": "input",
    "id": "CApiId",
    "name": "CApiId",
    "type": "text",
    "placeholder": null,
    "class": "visually-hidden",
    "source_html": "01-d7255f97ca89d1587358888d5be98d940d3d2173.html.html"
  },
  {
    "tag": "select",
    "id": "ReadStatus",
    "name": null,
    "type": null,
    "placeholder": null,
    "class": "form-select",
    "source_html": "01-d7255f97ca89d1587358888d5be98d940d3d2173.html.html"
  },
  {
    "tag": "button",
    "id": "btn_Search",
    "name": null,
    "type": "button",
    "placeholder": null,
    "class": "btn btn-sm btn-outline-primary waves-effect",
    "source_html": "01-d7255f97ca89d1587358888d5be98d940d3d2173.html.html"
  },
  {
    "tag": "button",
    "id": "btn_Clean",
    "name": null,
    "type": "button",
    "placeholder": null,
    "class": "btn btn-sm btn-outline-danger waves-effect",
    "source_html": "01-d7255f97ca89d1587358888d5be98d940d3d2173.html.html"
  },
  {
    "tag": "button",
    "id": "Nationalbtnclose",
    "name": null,
    "type": "button",
    "placeholder": null,
    "class": "btn-close",
    "source_html": "01-d7255f97ca89d1587358888d5be98d940d3d2173.html.html"
  },
  {
    "tag": "button",
    "id": null,
    "name": null,
    "type": "button",
    "placeholder": null,
    "class": "btn btn-primary col-md-3 waves-effect waves-light btn-md mx-auto ",
    "source_html": "01-d7255f97ca89d1587358888d5be98d940d3d2173.html.html"
  },
  {
    "tag": "button",
    "id": "btnshow",
    "name": "btnshow",
    "type": "button",
    "placeholder": null,
    "class": "btn btn-primary waves-effect waves-light btn-md mx-2 ",
    "source_html": "01-d7255f97ca89d1587358888d5be98d940d3d2173.html.html"
  },
  {
    "tag": "input",
    "id": "loginId",
    "name": "loginId",
    "type": "text",
    "placeholder": null,
    "class": "visually-hidden",
    "source_html": "03-fe93966add5e5b9d52b280ef7017bd8fb76a904c.html.html"
  },
  {
    "tag": "input",
    "id": "roleId",
    "name": "roleId",
    "type": "text",
    "placeholder": null,
    "class": "visually-hidden",
    "source_html": "03-fe93966add5e5b9d52b280ef7017bd8fb76a904c.html.html"
  },
  {
    "tag": "input",
    "id": "AllDiesel",
    "name": null,
    "type": null,
    "placeholder": null,
    "class": "mb-0 fw-medium me-2 website-analytics-text-bg",
    "source_html": "03-fe93966add5e5b9d52b280ef7017bd8fb76a904c.html.html"
  },
  {
    "tag": "input",
    "id": "DieselWithBarbarg",
    "name": null,
    "type": null,
    "placeholder": null,
    "class": "mb-0 fw-medium me-2 website-analytics-text-bg",
    "source_html": "03-fe93966add5e5b9d52b280ef7017bd8fb76a904c.html.html"
  },
  {
    "tag": "input",
    "id": "AllPetrol",
    "name": null,
    "type": null,
    "placeholder": null,
    "class": "mb-0 fw-medium me-2 website-analytics-text-bg",
    "source_html": "03-fe93966add5e5b9d52b280ef7017bd8fb76a904c.html.html"
  },
  {
    "tag": "input",
    "id": "PetrolWithBarbarg",
    "name": null,
    "type": null,
    "placeholder": null,
    "class": "mb-0 fw-medium me-2 website-analytics-text-bg",
    "source_html": "03-fe93966add5e5b9d52b280ef7017bd8fb76a904c.html.html"
  },
  {
    "tag": "input",
    "id": "AllDriver",
    "name": null,
    "type": null,
    "placeholder": null,
    "class": "mb-0 fw-medium me-2 website-analytics-text-bg",
    "source_html": "03-fe93966add5e5b9d52b280ef7017bd8fb76a904c.html.html"
  },
  {
    "tag": "input",
    "id": "DriverWithBarbarg",
    "name": null,
    "type": null,
    "placeholder": null,
    "class": "mb-0 fw-medium me-2 website-analytics-text-bg",
    "source_html": "03-fe93966add5e5b9d52b280ef7017bd8fb76a904c.html.html"
  },
  {
    "tag": "button",
    "id": "sourceVisits",
    "name": null,
    "type": "button",
    "placeholder": null,
    "class": "btn p-0",
    "source_html": "03-fe93966add5e5b9d52b280ef7017bd8fb76a904c.html.html"
  },
  {
    "tag": "input",
    "id": "user-name",
    "name": "UserName",
    "type": "text",
    "placeholder": "نام کاربری",
    "class": "form-control",
    "source_html": "04-3d165bfee2d9c10ffc952e6e18b150ecc693a9ea.html.html"
  },
  {
    "tag": "input",
    "id": "user-password",
    "name": "Password",
    "type": "password",
    "placeholder": "کلمه عبور",
    "class": "form-control password",
    "source_html": "04-3d165bfee2d9c10ffc952e6e18b150ecc693a9ea.html.html"
  },
  {
    "tag": "input",
    "id": "DNTCaptchaText",
    "name": "DNTCaptchaText",
    "type": "hidden",
    "placeholder": null,
    "class": null,
    "source_html": "04-3d165bfee2d9c10ffc952e6e18b150ecc693a9ea.html.html"
  },
  {
    "tag": "input",
    "id": "DNTCaptchaInputText",
    "name": "DNTCaptchaInputText",
    "type": "text",
    "placeholder": "کد امنیتی را وارد نمایید",
    "class": "text-box single-line form-control",
    "source_html": "04-3d165bfee2d9c10ffc952e6e18b150ecc693a9ea.html.html"
  },
  {
    "tag": "input",
    "id": "DNTCaptchaToken",
    "name": "DNTCaptchaToken",
    "type": "hidden",
    "placeholder": null,
    "class": null,
    "source_html": "04-3d165bfee2d9c10ffc952e6e18b150ecc693a9ea.html.html"
  },
  {
    "tag": "input",
    "id": null,
    "name": null,
    "type": "tel",
    "placeholder": null,
    "class": "form-control auth-input text-center mx-1 my-2 otp-box",
    "source_html": "04-3d165bfee2d9c10ffc952e6e18b150ecc693a9ea.html.html"
  },
  {
    "tag": "input",
    "id": "otp",
    "name": "otp",
    "type": "text",
    "placeholder": null,
    "class": "visually-hidden",
    "source_html": "04-3d165bfee2d9c10ffc952e6e18b150ecc693a9ea.html.html"
  },
  {
    "tag": "input",
    "id": "onlyOneRole",
    "name": "onlyOneRole",
    "type": "text",
    "placeholder": null,
    "class": "visually-hidden",
    "source_html": "04-3d165bfee2d9c10ffc952e6e18b150ecc693a9ea.html.html"
  },
  {
    "tag": "select",
    "id": "RoleSelect",
    "name": null,
    "type": null,
    "placeholder": null,
    "class": "select2 form-select form-select-md",
    "source_html": "04-3d165bfee2d9c10ffc952e6e18b150ecc693a9ea.html.html"
  },
  {
    "tag": "button",
    "id": "inter",
    "name": null,
    "type": "submit",
    "placeholder": null,
    "class": "btn btn-primary d-grid w-100",
    "source_html": "04-3d165bfee2d9c10ffc952e6e18b150ecc693a9ea.html.html"
  },
  {
    "tag": "button",
    "id": "signIn",
    "name": null,
    "type": "button",
    "placeholder": null,
    "class": "btn btn-primary d-grid w-100",
    "source_html": "04-3d165bfee2d9c10ffc952e6e18b150ecc693a9ea.html.html"
  },
  {
    "tag": "input",
    "id": "ActionName",
    "name": "ActionName",
    "type": "hidden",
    "placeholder": null,
    "class": null,
    "source_html": "05-3a3bcbe8c54eb9d40d2b8ef92b2c97cfbfca5dfa.html.html"
  },
  {
    "tag": "input",
    "id": "NationalCode",
    "name": "NationalCode",
    "type": "text",
    "placeholder": "کد ملی/ شناسه ملی",
    "class": "form-control",
    "source_html": "06-da71d3f3e4b7aed216179ea26078e974ff2349ba.html.html"
  },
  {
    "tag": "input",
    "id": "CapToken",
    "name": "CapToken",
    "type": "hidden",
    "placeholder": null,
    "class": null,
    "source_html": "06-da71d3f3e4b7aed216179ea26078e974ff2349ba.html.html"
  },
  {
    "tag": "input",
    "id": "CapType",
    "name": "CapType",
    "type": "hidden",
    "placeholder": null,
    "class": null,
    "source_html": "06-da71d3f3e4b7aed216179ea26078e974ff2349ba.html.html"
  },
  {
    "tag": "input",
    "id": "ruleExcepted",
    "name": "ruleExcepted",
    "type": "checkbox",
    "placeholder": null,
    "class": "form-check-input",
    "source_html": "06-da71d3f3e4b7aed216179ea26078e974ff2349ba.html.html"
  },
  {
    "tag": "button",
    "id": "register",
    "name": null,
    "type": "button",
    "placeholder": null,
    "class": "btn d-grid w-100",
    "source_html": "06-da71d3f3e4b7aed216179ea26078e974ff2349ba.html.html"
  },
  {
    "tag": "button",
    "id": "btnclose",
    "name": "btnclose",
    "type": "button",
    "placeholder": null,
    "class": "btn-close",
    "source_html": "06-da71d3f3e4b7aed216179ea26078e974ff2349ba.html.html"
  },
  {
    "tag": "button",
    "id": "submitRules",
    "name": null,
    "type": "button",
    "placeholder": null,
    "class": "btn btn-primary col-md-3 waves-effect waves-light btn-sm  mx-1 ",
    "source_html": "06-da71d3f3e4b7aed216179ea26078e974ff2349ba.html.html"
  },
  {
    "tag": "button",
    "id": "CloseVerifyModal",
    "name": "CloseVerifyModal",
    "type": "button",
    "placeholder": null,
    "class": "btn btn-outline-danger col-md-3 waves-effect waves-light btn-sm  mx-1",
    "source_html": "06-da71d3f3e4b7aed216179ea26078e974ff2349ba.html.html"
  },
  {
    "tag": "input",
    "id": null,
    "name": "sca_esv",
    "type": "hidden",
    "placeholder": null,
    "class": null,
    "source_html": "09-0eeeafeb60a09667e03c3872b7e0b93fd2d6bf2f.html.html"
  },
  {
    "tag": "input",
    "id": null,
    "name": "ei",
    "type": "hidden",
    "placeholder": null,
    "class": null,
    "source_html": "09-0eeeafeb60a09667e03c3872b7e0b93fd2d6bf2f.html.html"
  },
  {
    "tag": "textarea",
    "id": "APjFqb",
    "name": "q",
    "type": null,
    "placeholder": "",
    "class": "gLFyf",
    "source_html": "09-0eeeafeb60a09667e03c3872b7e0b93fd2d6bf2f.html.html"
  },
  {
    "tag": "button",
    "id": null,
    "name": null,
    "type": "submit",
    "placeholder": null,
    "class": "HZVG1b Tg7LZd",
    "source_html": "09-0eeeafeb60a09667e03c3872b7e0b93fd2d6bf2f.html.html"
  },
  {
    "tag": "input",
    "id": "search-inp",
    "name": null,
    "type": "search",
    "placeholder": "جستجو کنید...",
    "class": "w-full",
    "source_html": "11-3563238e85eb23935fca1f7a86f053619c45e8a9.html.html"
  },
  {
    "tag": "input",
    "id": "dubbed",
    "name": null,
    "type": "checkbox",
    "placeholder": null,
    "class": null,
    "source_html": "11-3563238e85eb23935fca1f7a86f053619c45e8a9.html.html"
  },
  {
    "tag": "input",
    "id": "sort_asc",
    "name": null,
    "type": "checkbox",
    "placeholder": null,
    "class": null,
    "source_html": "11-3563238e85eb23935fca1f7a86f053619c45e8a9.html.html"
  },
  {
    "tag": "button",
    "id": null,
    "name": null,
    "type": null,
    "placeholder": null,
    "class": "mdb",
    "source_html": "11-3563238e85eb23935fca1f7a86f053619c45e8a9.html.html"
  },
  {
    "tag": "button",
    "id": "advc-btn",
    "name": null,
    "type": null,
    "placeholder": null,
    "class": "mdb",
    "source_html": "11-3563238e85eb23935fca1f7a86f053619c45e8a9.html.html"
  }
]