[
  {
    "time": "2026-02-25T16:43:32.689Z",
    "method": "GET",
    "url": "https://barname.utcms.ir/barname/Document/HagigiHogugi",
    "status": 500,
    "mimeType": "text/html; charset=utf-8",
    "sha1": "ae07f342bea9ca0881d4052d3d23c37b141636d6.html"
  },
  {
    "time": "2026-02-25T16:45:17.385Z",
    "method": "GET",
    "url": "https://barname.utcms.ir/barname/Document/HagigiHogugi",
    "status": 500,
    "mimeType": "text/html; charset=utf-8",
    "sha1": "ae07f342bea9ca0881d4052d3d23c37b141636d6.html"
  }
]