[
  {
    "source_html": "01-d7255f97ca89d1587358888d5be98d940d3d2173.html.html",
    "name": null,
    "id": "ReadStatus",
    "class": "form-select",
    "option_count": 3
  },
  {
    "source_html": "04-3d165bfee2d9c10ffc952e6e18b150ecc693a9ea.html.html",
    "name": null,
    "id": "RoleSelect",
    "class": "select2 form-select form-select-md",
    "option_count": 0
  },
  {
    "source_html": "07-f94110d181809448bb4ad1ca1477d71f27da49bd.html.html",
    "name": null,
    "id": "ReadStatus",
    "class": "form-select",
    "option_count": 3
  },
  {
    "source_html": "08-5e79875185560d3cc5582913d9ff9a8ad7e38220.html.html",
    "name": null,
    "id": "RoleSelect",
    "class": "select2 form-select form-select-md",
    "option_count": 0
  }
]