{
  "run_id": "run-20260225-201132",
  "trace_file": "output/site-audit/run-20260225-201132/raw/trace-1772037778214.trace",
  "network_file": "output/site-audit/run-20260225-201132/raw/trace-1772037778214.network",
  "requests_count": 766,
  "unique_urls": 314,
  "html_responses_count": 24,
  "unique_html_saved": 11,
  "form_fields_total": 125,
  "select_tags_total": 4,
  "custom_dropdown_candidates": 55,
  "console_messages_total": 24,
  "page_errors_total": 9,
  "screencast_frames_total": 464,
  "frame_samples_saved": 22,
  "status_counts": {
    "200": 727,
    "500": 2,
    "302": 2,
    "-1": 21,
    "204": 14
  },
  "top_hosts": [
    [
      "barname.utcms.ir",
      624
    ],
    [
      "mobomovies.co",
      70
    ],
    [
      "www.google.com",
      42
    ],
    [
      "blob:https:",
      16
    ],
    [
      "cptch.utcms.ir",
      4
    ],
    [
      "www.gstatic.com",
      2
    ],
    [
      "fonts.gstatic.com",
      1
    ],
    [
      "www.googleadservices.com",
      1
    ],
    [
      "play.google.com",
      1
    ],
    [
      "code.jquery.com",
      1
    ],
    [
      "www.googletagmanager.com",
      1
    ],
    [
      "www.google-analytics.com",
      1
    ],
    [
      "ogads-pa.clients6.google.com",
      1
    ],
    [
      "static.cloudflareinsights.com",
      1
    ]
  ]
}